Name,Email,Phone,Gender
John Doe,johndoe@example.com,9876543210,Male
Jane Smith,janesmith@example.com,8765432109,Female
Robert Johnson,robertj@example.com,7654321098,Male
Emily Davis,emilyd@example.com,6543210987,Female
Michael Brown,michaelb@example.com,5432109876,Male
Sarah Wilson,sarahw@example.com,4321098765,Female
David Martinez,davidm@example.com,3210987654,Male
Laura Taylor,laurat@example.com,2109876543,Female
James Anderson,jamesa@example.com,1098765432,Male
Olivia Thomas,oliviat@example.com,9988776655,Female
William White,williamw@example.com,8877665544,Male
Sophia Harris,sophiah@example.com,7766554433,Female
Daniel Lewis,daniell@example.com,6655443322,Male
Ava Walker,avaw@example.com,5544332211,Female
Matthew Hall,matthewh@example.com,4433221100,Male
Isabella Allen,isabella@example.com,3322110099,Female
Joseph Young,josephy@example.com,2211009988,Male
Charlotte King,charlottek@example.com,1100998877,Female
Benjamin Scott,benjamins@example.com,9098765432,Male
Mia Green,miag@example.com,8987654321,Female
